time,strategy,symbol,side,type,status,multiplier,time_in_force,asset.strike,asset.multiplier,asset.asset_type,price,filled_quantity,trade_cost
2019-06-03 09:30:00-04:00,elon_tweet,TSLA,buy,market,new,1,gtc,0.0,1,stock,,,
2019-06-03 09:30:00-04:00,elon_tweet,TSLA,buy,market,fill,1,gtc,0.0,1,stock,12.36733341217041,10,0.0
2019-06-10 09:30:00-04:00,elon_tweet,TSLA,buy,market,new,1,gtc,0.0,1,stock,,,
2019-06-10 09:30:00-04:00,elon_tweet,TSLA,buy,market,fill,1,gtc,0.0,1,stock,14.016667366027832,10,0.0
2019-06-13 09:30:00-04:00,elon_tweet,TSLA,buy,market,new,1,gtc,0.0,1,stock,,,
2019-06-13 09:30:00-04:00,elon_tweet,TSLA,buy,market,fill,1,gtc,0.0,1,stock,14.025333404541016,10,0.0
2019-06-14 09:30:00-04:00,elon_tweet,TSLA,buy,market,new,1,gtc,0.0,1,stock,,,
2019-06-14 09:30:00-04:00,elon_tweet,TSLA,buy,market,fill,1,gtc,0.0,1,stock,14.083333015441895,10,0.0
2019-06-18 09:30:00-04:00,elon_tweet,TSLA,buy,market,new,1,gtc,0.0,1,stock,,,
2019-06-18 09:30:00-04:00,elon_tweet,TSLA,buy,market,fill,1,gtc,0.0,1,stock,15.248000144958496,10,0.0
2019-06-19 09:30:00-04:00,elon_tweet,TSLA,buy,market,new,1,gtc,0.0,1,stock,,,
2019-06-19 09:30:00-04:00,elon_tweet,TSLA,buy,market,fill,1,gtc,0.0,1,stock,15.007332801818848,10,0.0
2019-06-21 09:30:00-04:00,elon_tweet,TSLA,buy,market,new,1,gtc,0.0,1,stock,,,
2019-06-21 09:30:00-04:00,elon_tweet,TSLA,buy,market,fill,1,gtc,0.0,1,stock,14.414667129516602,10,0.0
2019-07-02 09:30:00-04:00,elon_tweet,TSLA,buy,market,new,1,gtc,0.0,1,stock,,,
2019-07-02 09:30:00-04:00,elon_tweet,TSLA,buy,market,fill,1,gtc,0.0,1,stock,15.259332656860352,10,0.0
2019-07-03 09:30:00-04:00,elon_tweet,TSLA,buy,market,new,1,gtc,0.0,1,stock,,,
2019-07-03 09:30:00-04:00,elon_tweet,TSLA,buy,market,fill,1,gtc,0.0,1,stock,15.959333419799805,10,0.0
2019-07-08 09:30:00-04:00,elon_tweet,TSLA,buy,market,new,1,gtc,0.0,1,stock,,,
2019-07-08 09:30:00-04:00,elon_tweet,TSLA,buy,market,fill,1,gtc,0.0,1,stock,15.416000366210938,10,0.0
2019-07-09 09:30:00-04:00,elon_tweet,TSLA,buy,market,new,1,gtc,0.0,1,stock,,,
2019-07-09 09:30:00-04:00,elon_tweet,TSLA,buy,market,fill,1,gtc,0.0,1,stock,15.264666557312012,10,0.0
2019-07-11 09:30:00-04:00,elon_tweet,TSLA,buy,market,new,1,gtc,0.0,1,stock,,,
2019-07-11 09:30:00-04:00,elon_tweet,TSLA,buy,market,fill,1,gtc,0.0,1,stock,15.87600040435791,10,0.0
2019-07-12 09:30:00-04:00,elon_tweet,TSLA,buy,market,new,1,gtc,0.0,1,stock,,,
2019-07-12 09:30:00-04:00,elon_tweet,TSLA,buy,market,fill,1,gtc,0.0,1,stock,15.983332633972168,10,0.0
2019-07-30 09:30:00-04:00,elon_tweet,TSLA,buy,market,new,1,gtc,0.0,1,stock,,,
2019-07-30 09:30:00-04:00,elon_tweet,TSLA,buy,market,fill,1,gtc,0.0,1,stock,15.526666641235352,10,0.0
2019-08-02 09:30:00-04:00,elon_tweet,TSLA,buy,market,new,1,gtc,0.0,1,stock,,,
2019-08-02 09:30:00-04:00,elon_tweet,TSLA,buy,market,fill,1,gtc,0.0,1,stock,15.423333168029785,10,0.0
2019-08-09 09:30:00-04:00,elon_tweet,TSLA,buy,market,new,1,gtc,0.0,1,stock,,,
2019-08-09 09:30:00-04:00,elon_tweet,TSLA,buy,market,fill,1,gtc,0.0,1,stock,15.736666679382324,10,0.0
2019-08-15 09:30:00-04:00,elon_tweet,TSLA,buy,market,new,1,gtc,0.0,1,stock,,,
2019-08-15 09:30:00-04:00,elon_tweet,TSLA,buy,market,fill,1,gtc,0.0,1,stock,14.723999977111816,10,0.0
2019-08-20 09:30:00-04:00,elon_tweet,TSLA,buy,market,new,1,gtc,0.0,1,stock,,,
2019-08-20 09:30:00-04:00,elon_tweet,TSLA,buy,market,fill,1,gtc,0.0,1,stock,15.174667358398438,10,0.0
2019-08-22 09:30:00-04:00,elon_tweet,TSLA,buy,market,new,1,gtc,0.0,1,stock,,,
2019-08-22 09:30:00-04:00,elon_tweet,TSLA,buy,market,fill,1,gtc,0.0,1,stock,14.853333473205566,10,0.0
2019-08-29 09:30:00-04:00,elon_tweet,TSLA,buy,market,new,1,gtc,0.0,1,stock,,,
2019-08-29 09:30:00-04:00,elon_tweet,TSLA,buy,market,fill,1,gtc,0.0,1,stock,14.600000381469727,10,0.0
2019-09-06 09:30:00-04:00,elon_tweet,TSLA,buy,market,new,1,gtc,0.0,1,stock,,,
2019-09-06 09:30:00-04:00,elon_tweet,TSLA,buy,market,fill,1,gtc,0.0,1,stock,15.146666526794434,10,0.0
2019-09-10 09:30:00-04:00,elon_tweet,TSLA,buy,market,new,1,gtc,0.0,1,stock,,,
2019-09-10 09:30:00-04:00,elon_tweet,TSLA,buy,market,fill,1,gtc,0.0,1,stock,15.386667251586914,10,0.0
2019-09-17 09:30:00-04:00,elon_tweet,TSLA,buy,market,new,1,gtc,0.0,1,stock,,,
2019-09-17 09:30:00-04:00,elon_tweet,TSLA,buy,market,fill,1,gtc,0.0,1,stock,16.1646671295166,10,0.0
2019-09-19 09:30:00-04:00,elon_tweet,TSLA,buy,market,new,1,gtc,0.0,1,stock,,,
2019-09-19 09:30:00-04:00,elon_tweet,TSLA,buy,market,fill,1,gtc,0.0,1,stock,16.399999618530273,10,0.0
2019-09-23 09:30:00-04:00,elon_tweet,TSLA,buy,market,new,1,gtc,0.0,1,stock,,,
2019-09-23 09:30:00-04:00,elon_tweet,TSLA,buy,market,fill,1,gtc,0.0,1,stock,16.0,10,0.0
2019-09-26 09:30:00-04:00,elon_tweet,TSLA,buy,market,new,1,gtc,0.0,1,stock,,,
2019-09-26 09:30:00-04:00,elon_tweet,TSLA,buy,market,fill,1,gtc,0.0,1,stock,15.37733268737793,10,0.0
2019-10-01 09:30:00-04:00,elon_tweet,TSLA,buy,market,new,1,gtc,0.0,1,stock,,,
2019-10-01 09:30:00-04:00,elon_tweet,TSLA,buy,market,fill,1,gtc,0.0,1,stock,16.100000381469727,10,0.0
2019-10-02 09:30:00-04:00,elon_tweet,TSLA,buy,market,new,1,gtc,0.0,1,stock,,,
2019-10-02 09:30:00-04:00,elon_tweet,TSLA,buy,market,fill,1,gtc,0.0,1,stock,16.21933364868164,10,0.0
2019-10-15 09:30:00-04:00,elon_tweet,TSLA,buy,market,new,1,gtc,0.0,1,stock,,,
2019-10-15 09:30:00-04:00,elon_tweet,TSLA,buy,market,fill,1,gtc,0.0,1,stock,17.18000030517578,10,0.0
2019-10-21 09:30:00-04:00,elon_tweet,TSLA,buy,market,new,1,gtc,0.0,1,stock,,,
2019-10-21 09:30:00-04:00,elon_tweet,TSLA,buy,market,fill,1,gtc,0.0,1,stock,17.222000122070312,10,0.0
2019-10-23 09:30:00-04:00,elon_tweet,TSLA,buy,market,new,1,gtc,0.0,1,stock,,,
2019-10-23 09:30:00-04:00,elon_tweet,TSLA,buy,market,fill,1,gtc,0.0,1,stock,16.96666717529297,10,0.0
2019-10-25 09:30:00-04:00,elon_tweet,TSLA,buy,market,new,1,gtc,0.0,1,stock,,,
2019-10-25 09:30:00-04:00,elon_tweet,TSLA,buy,market,fill,1,gtc,0.0,1,stock,19.847999572753906,10,0.0
2019-10-30 09:30:00-04:00,elon_tweet,TSLA,buy,market,new,1,gtc,0.0,1,stock,,,
2019-10-30 09:30:00-04:00,elon_tweet,TSLA,buy,market,fill,1,gtc,0.0,1,stock,20.866666793823242,10,0.0
2019-11-13 09:30:00-05:00,elon_tweet,TSLA,buy,market,new,1,gtc,0.0,1,stock,,,
2019-11-13 09:30:00-05:00,elon_tweet,TSLA,buy,market,fill,1,gtc,0.0,1,stock,23.666667938232422,10,0.0
2019-11-21 09:30:00-05:00,elon_tweet,TSLA,buy,market,new,1,gtc,0.0,1,stock,,,
2019-11-21 09:30:00-05:00,elon_tweet,TSLA,buy,market,fill,1,gtc,0.0,1,stock,23.634000778198242,10,0.0
2019-11-26 09:30:00-05:00,elon_tweet,TSLA,buy,market,new,1,gtc,0.0,1,stock,,,
2019-11-26 09:30:00-05:00,elon_tweet,TSLA,buy,market,fill,1,gtc,0.0,1,stock,22.351333618164062,10,0.0
2019-12-11 09:30:00-05:00,elon_tweet,TSLA,buy,market,new,1,gtc,0.0,1,stock,,,
2019-12-11 09:30:00-05:00,elon_tweet,TSLA,buy,market,fill,1,gtc,0.0,1,stock,23.458667755126953,10,0.0
2019-12-17 09:30:00-05:00,elon_tweet,TSLA,buy,market,new,1,gtc,0.0,1,stock,,,
2019-12-17 09:30:00-05:00,elon_tweet,TSLA,buy,market,fill,1,gtc,0.0,1,stock,25.266000747680664,10,0.0
2019-12-24 09:30:00-05:00,elon_tweet,TSLA,buy,market,new,1,gtc,0.0,1,stock,,,
2019-12-24 09:30:00-05:00,elon_tweet,TSLA,buy,market,fill,1,gtc,0.0,1,stock,27.890666961669922,10,0.0
2019-12-26 09:30:00-05:00,elon_tweet,TSLA,buy,market,new,1,gtc,0.0,1,stock,,,
2019-12-26 09:30:00-05:00,elon_tweet,TSLA,buy,market,fill,1,gtc,0.0,1,stock,28.527332305908203,10,0.0
2019-12-30 09:30:00-05:00,elon_tweet,TSLA,buy,market,new,1,gtc,0.0,1,stock,,,
2019-12-30 09:30:00-05:00,elon_tweet,TSLA,buy,market,fill,1,gtc,0.0,1,stock,28.586000442504883,10,0.0
2019-12-31 09:30:00-05:00,elon_tweet,TSLA,buy,market,new,1,gtc,0.0,1,stock,,,
2019-12-31 09:30:00-05:00,elon_tweet,TSLA,buy,market,fill,1,gtc,0.0,1,stock,27.0,10,0.0
2020-01-08 09:30:00-05:00,elon_tweet,TSLA,buy,market,new,1,gtc,0.0,1,stock,,,
2020-01-08 09:30:00-05:00,elon_tweet,TSLA,buy,market,fill,1,gtc,0.0,1,stock,31.579999923706055,10,0.0
2020-01-21 09:30:00-05:00,elon_tweet,TSLA,buy,market,new,1,gtc,0.0,1,stock,,,
2020-01-21 09:30:00-05:00,elon_tweet,TSLA,buy,market,fill,1,gtc,0.0,1,stock,35.349998474121094,10,0.0
2020-02-03 09:30:00-05:00,elon_tweet,TSLA,buy,market,new,1,gtc,0.0,1,stock,,,
2020-02-03 09:30:00-05:00,elon_tweet,TSLA,buy,market,fill,1,gtc,0.0,1,stock,44.91266632080078,10,0.0
2020-02-10 09:30:00-05:00,elon_tweet,TSLA,buy,market,new,1,gtc,0.0,1,stock,,,
2020-02-10 09:30:00-05:00,elon_tweet,TSLA,buy,market,fill,1,gtc,0.0,1,stock,53.33333206176758,10,0.0
2020-02-26 09:30:00-05:00,elon_tweet,TSLA,buy,market,new,1,gtc,0.0,1,stock,,,
2020-02-26 09:30:00-05:00,elon_tweet,TSLA,buy,market,fill,1,gtc,0.0,1,stock,52.16666793823242,10,0.0
2020-03-04 09:30:00-05:00,elon_tweet,TSLA,buy,market,new,1,gtc,0.0,1,stock,,,
2020-03-04 09:30:00-05:00,elon_tweet,TSLA,buy,market,fill,1,gtc,0.0,1,stock,50.930667877197266,10,0.0
2020-03-10 09:30:00-04:00,elon_tweet,TSLA,buy,market,new,1,gtc,0.0,1,stock,,,
2020-03-10 09:30:00-04:00,elon_tweet,TSLA,buy,market,fill,1,gtc,0.0,1,stock,43.96200180053711,10,0.0
2020-03-23 09:30:00-04:00,elon_tweet,TSLA,buy,market,new,1,gtc,0.0,1,stock,,,
2020-03-23 09:30:00-04:00,elon_tweet,TSLA,buy,market,fill,1,gtc,0.0,1,stock,28.906667709350586,10,0.0
2020-03-24 09:30:00-04:00,elon_tweet,TSLA,buy,market,new,1,gtc,0.0,1,stock,,,
2020-03-24 09:30:00-04:00,elon_tweet,TSLA,buy,market,fill,1,gtc,0.0,1,stock,31.81999969482422,10,0.0
2020-03-27 09:30:00-04:00,elon_tweet,TSLA,buy,market,new,1,gtc,0.0,1,stock,,,
2020-03-27 09:30:00-04:00,elon_tweet,TSLA,buy,market,fill,1,gtc,0.0,1,stock,33.66666793823242,10,0.0
2020-03-31 09:30:00-04:00,elon_tweet,TSLA,buy,market,new,1,gtc,0.0,1,stock,,,
2020-03-31 09:30:00-04:00,elon_tweet,TSLA,buy,market,fill,1,gtc,0.0,1,stock,33.41666793823242,10,0.0
2020-04-06 09:30:00-04:00,elon_tweet,TSLA,buy,market,new,1,gtc,0.0,1,stock,,,
2020-04-06 09:30:00-04:00,elon_tweet,TSLA,buy,market,fill,1,gtc,0.0,1,stock,34.08000183105469,10,0.0
2020-04-09 09:30:00-04:00,elon_tweet,TSLA,buy,market,new,1,gtc,0.0,1,stock,,,
2020-04-09 09:30:00-04:00,elon_tweet,TSLA,buy,market,fill,1,gtc,0.0,1,stock,37.4726676940918,10,0.0
2020-04-16 09:30:00-04:00,elon_tweet,TSLA,buy,market,new,1,gtc,0.0,1,stock,,,
2020-04-16 09:30:00-04:00,elon_tweet,TSLA,buy,market,fill,1,gtc,0.0,1,stock,47.79600143432617,10,0.0
2020-04-24 09:30:00-04:00,elon_tweet,TSLA,buy,market,new,1,gtc,0.0,1,stock,,,
2020-04-24 09:30:00-04:00,elon_tweet,TSLA,buy,market,fill,1,gtc,0.0,1,stock,47.387332916259766,10,0.0
2020-05-01 09:30:00-04:00,elon_tweet,TSLA,buy,market,new,1,gtc,0.0,1,stock,,,
2020-05-01 09:30:00-04:00,elon_tweet,TSLA,buy,market,fill,1,gtc,0.0,1,stock,50.33333206176758,10,0.0
2020-05-05 09:30:00-04:00,elon_tweet,TSLA,buy,market,new,1,gtc,0.0,1,stock,,,
2020-05-05 09:30:00-04:00,elon_tweet,TSLA,buy,market,fill,1,gtc,0.0,1,stock,52.65266799926758,10,0.0
2020-05-07 09:30:00-04:00,elon_tweet,TSLA,buy,market,new,1,gtc,0.0,1,stock,,,
2020-05-07 09:30:00-04:00,elon_tweet,TSLA,buy,market,fill,1,gtc,0.0,1,stock,51.81399917602539,10,0.0
2020-05-11 09:30:00-04:00,elon_tweet,TSLA,buy,market,new,1,gtc,0.0,1,stock,,,
2020-05-11 09:30:00-04:00,elon_tweet,TSLA,buy,market,fill,1,gtc,0.0,1,stock,52.70066833496094,10,0.0
2020-05-13 09:30:00-04:00,elon_tweet,TSLA,buy,market,new,1,gtc,0.0,1,stock,,,
2020-05-13 09:30:00-04:00,elon_tweet,TSLA,buy,market,fill,1,gtc,0.0,1,stock,54.72200012207031,10,0.0
2020-05-14 09:30:00-04:00,elon_tweet,TSLA,buy,market,new,1,gtc,0.0,1,stock,,,
2020-05-14 09:30:00-04:00,elon_tweet,TSLA,buy,market,fill,1,gtc,0.0,1,stock,52.0,10,0.0
2020-05-15 09:30:00-04:00,elon_tweet,TSLA,buy,market,new,1,gtc,0.0,1,stock,,,
2020-05-15 09:30:00-04:00,elon_tweet,TSLA,buy,market,fill,1,gtc,0.0,1,stock,52.689998626708984,10,0.0
2020-06-10 09:30:00-04:00,elon_tweet,TSLA,buy,market,new,1,gtc,0.0,1,stock,,,
2020-06-10 09:30:00-04:00,elon_tweet,TSLA,buy,market,fill,1,gtc,0.0,1,stock,66.12533569335938,10,0.0
2020-06-16 09:30:00-04:00,elon_tweet,TSLA,buy,market,new,1,gtc,0.0,1,stock,,,
2020-06-16 09:30:00-04:00,elon_tweet,TSLA,buy,market,fill,1,gtc,0.0,1,stock,67.4566650390625,10,0.0
2020-06-25 09:30:00-04:00,elon_tweet,TSLA,buy,market,new,1,gtc,0.0,1,stock,,,
2020-06-25 09:30:00-04:00,elon_tweet,TSLA,buy,market,fill,1,gtc,0.0,1,stock,63.61800003051758,10,0.0
2020-06-26 09:30:00-04:00,elon_tweet,TSLA,buy,market,new,1,gtc,0.0,1,stock,,,
2020-06-26 09:30:00-04:00,elon_tweet,TSLA,buy,market,fill,1,gtc,0.0,1,stock,66.31866455078125,10,0.0
2020-07-01 09:30:00-04:00,elon_tweet,TSLA,buy,market,new,1,gtc,0.0,1,stock,,,
2020-07-01 09:30:00-04:00,elon_tweet,TSLA,buy,market,fill,1,gtc,0.0,1,stock,72.19999694824219,10,0.0
2020-07-02 09:30:00-04:00,elon_tweet,TSLA,buy,market,new,1,gtc,0.0,1,stock,,,
2020-07-02 09:30:00-04:00,elon_tweet,TSLA,buy,market,fill,1,gtc,0.0,1,stock,81.43199920654297,10,0.0
2020-07-09 09:30:00-04:00,elon_tweet,TSLA,buy,market,new,1,gtc,0.0,1,stock,,,
2020-07-09 09:30:00-04:00,elon_tweet,TSLA,buy,market,fill,1,gtc,0.0,1,stock,93.1326675415039,10,0.0
2020-07-13 09:30:00-04:00,elon_tweet,TSLA,buy,market,new,1,gtc,0.0,1,stock,,,
2020-07-13 09:30:00-04:00,elon_tweet,TSLA,buy,market,fill,1,gtc,0.0,1,stock,110.5999984741211,10,0.0
2020-07-14 09:30:00-04:00,elon_tweet,TSLA,buy,market,new,1,gtc,0.0,1,stock,,,
2020-07-14 09:30:00-04:00,elon_tweet,TSLA,buy,market,fill,1,gtc,0.0,1,stock,103.73332977294922,10,0.0
2020-07-15 09:30:00-04:00,elon_tweet,TSLA,buy,market,new,1,gtc,0.0,1,stock,,,
2020-07-15 09:30:00-04:00,elon_tweet,TSLA,buy,market,fill,1,gtc,0.0,1,stock,102.86666870117188,10,0.0
2020-07-24 09:30:00-04:00,elon_tweet,TSLA,buy,market,new,1,gtc,0.0,1,stock,,,
2020-07-24 09:30:00-04:00,elon_tweet,TSLA,buy,market,fill,1,gtc,0.0,1,stock,94.40066528320312,10,0.0
2020-07-27 09:30:00-04:00,elon_tweet,TSLA,buy,market,new,1,gtc,0.0,1,stock,,,
2020-07-27 09:30:00-04:00,elon_tweet,TSLA,buy,market,fill,1,gtc,0.0,1,stock,95.66666412353516,10,0.0
2020-08-07 09:30:00-04:00,elon_tweet,TSLA,buy,market,new,1,gtc,0.0,1,stock,,,
2020-08-07 09:30:00-04:00,elon_tweet,TSLA,buy,market,fill,1,gtc,0.0,1,stock,99.96932983398438,10,0.0
2020-08-11 09:30:00-04:00,elon_tweet,TSLA,buy,market,new,1,gtc,0.0,1,stock,,,
2020-08-11 09:30:00-04:00,elon_tweet,TSLA,buy,market,fill,1,gtc,0.0,1,stock,93.06666564941406,10,0.0
2020-08-14 09:30:00-04:00,elon_tweet,TSLA,buy,market,new,1,gtc,0.0,1,stock,,,
2020-08-14 09:30:00-04:00,elon_tweet,TSLA,buy,market,fill,1,gtc,0.0,1,stock,110.99933624267578,10,0.0
2020-08-19 09:30:00-04:00,elon_tweet,TSLA,buy,market,new,1,gtc,0.0,1,stock,,,
2020-08-19 09:30:00-04:00,elon_tweet,TSLA,buy,market,fill,1,gtc,0.0,1,stock,124.33333587646484,10,0.0
2020-08-20 09:30:00-04:00,elon_tweet,TSLA,buy,market,new,1,gtc,0.0,1,stock,,,
2020-08-20 09:30:00-04:00,elon_tweet,TSLA,buy,market,fill,1,gtc,0.0,1,stock,124.04533386230469,10,0.0
2020-08-28 09:30:00-04:00,elon_tweet,TSLA,buy,market,new,1,gtc,0.0,1,stock,,,
2020-08-28 09:30:00-04:00,elon_tweet,TSLA,buy,market,fill,1,gtc,0.0,1,stock,153.00799560546875,10,0.0
2020-09-09 09:30:00-04:00,elon_tweet,TSLA,buy,market,new,1,gtc,0.0,1,stock,,,
2020-09-09 09:30:00-04:00,elon_tweet,TSLA,buy,market,fill,1,gtc,0.0,1,stock,118.86666870117188,10,0.0
2020-09-10 09:30:00-04:00,elon_tweet,TSLA,buy,market,new,1,gtc,0.0,1,stock,,,
2020-09-10 09:30:00-04:00,elon_tweet,TSLA,buy,market,fill,1,gtc,0.0,1,stock,128.73666381835938,10,0.0
2020-10-02 09:30:00-04:00,elon_tweet,TSLA,buy,market,new,1,gtc,0.0,1,stock,,,
2020-10-02 09:30:00-04:00,elon_tweet,TSLA,buy,market,fill,1,gtc,0.0,1,stock,140.4633331298828,10,0.0
2020-10-07 09:30:00-04:00,elon_tweet,TSLA,buy,market,new,1,gtc,0.0,1,stock,,,
2020-10-07 09:30:00-04:00,elon_tweet,TSLA,buy,market,fill,1,gtc,0.0,1,stock,139.9566650390625,10,0.0
2020-10-08 09:30:00-04:00,elon_tweet,TSLA,buy,market,new,1,gtc,0.0,1,stock,,,
2020-10-08 09:30:00-04:00,elon_tweet,TSLA,buy,market,fill,1,gtc,0.0,1,stock,146.14666748046875,10,0.0
2020-10-14 09:30:00-04:00,elon_tweet,TSLA,buy,market,new,1,gtc,0.0,1,stock,,,
2020-10-14 09:30:00-04:00,elon_tweet,TSLA,buy,market,fill,1,gtc,0.0,1,stock,149.92666625976562,10,0.0
2020-10-16 09:30:00-04:00,elon_tweet,TSLA,buy,market,new,1,gtc,0.0,1,stock,,,
2020-10-16 09:30:00-04:00,elon_tweet,TSLA,buy,market,fill,1,gtc,0.0,1,stock,151.47999572753906,10,0.0
2020-10-27 09:30:00-04:00,elon_tweet,TSLA,buy,market,new,1,gtc,0.0,1,stock,,,
2020-10-27 09:30:00-04:00,elon_tweet,TSLA,buy,market,fill,1,gtc,0.0,1,stock,141.25332641601562,10,0.0
2020-11-09 09:30:00-05:00,elon_tweet,TSLA,buy,market,new,1,gtc,0.0,1,stock,,,
2020-11-09 09:30:00-05:00,elon_tweet,TSLA,buy,market,fill,1,gtc,0.0,1,stock,146.5,10,0.0
2020-11-10 09:30:00-05:00,elon_tweet,TSLA,buy,market,new,1,gtc,0.0,1,stock,,,
2020-11-10 09:30:00-05:00,elon_tweet,TSLA,buy,market,fill,1,gtc,0.0,1,stock,140.02999877929688,10,0.0
2020-11-17 09:30:00-05:00,elon_tweet,TSLA,buy,market,new,1,gtc,0.0,1,stock,,,
2020-11-17 09:30:00-05:00,elon_tweet,TSLA,buy,market,fill,1,gtc,0.0,1,stock,153.38999938964844,10,0.0
2020-11-20 09:30:00-05:00,elon_tweet,TSLA,buy,market,new,1,gtc,0.0,1,stock,,,
2020-11-20 09:30:00-05:00,elon_tweet,TSLA,buy,market,fill,1,gtc,0.0,1,stock,165.99667358398438,10,0.0
2020-12-02 09:30:00-05:00,elon_tweet,TSLA,buy,market,new,1,gtc,0.0,1,stock,,,
2020-12-02 09:30:00-05:00,elon_tweet,TSLA,buy,market,fill,1,gtc,0.0,1,stock,185.47999572753906,10,0.0
2020-12-17 09:30:00-05:00,elon_tweet,TSLA,buy,market,new,1,gtc,0.0,1,stock,,,
2020-12-17 09:30:00-05:00,elon_tweet,TSLA,buy,market,fill,1,gtc,0.0,1,stock,209.39666748046875,10,0.0
2020-12-21 09:30:00-05:00,elon_tweet,TSLA,buy,market,new,1,gtc,0.0,1,stock,,,
2020-12-21 09:30:00-05:00,elon_tweet,TSLA,buy,market,fill,1,gtc,0.0,1,stock,222.0800018310547,10,0.0
2020-12-24 09:30:00-05:00,elon_tweet,TSLA,buy,market,new,1,gtc,0.0,1,stock,,,
2020-12-24 09:30:00-05:00,elon_tweet,TSLA,buy,market,fill,1,gtc,0.0,1,stock,214.3300018310547,10,0.0
2021-01-20 09:30:00-05:00,elon_tweet,TSLA,buy,market,new,1,gtc,0.0,1,stock,,,
2021-01-20 09:30:00-05:00,elon_tweet,TSLA,buy,market,fill,1,gtc,0.0,1,stock,286.2466735839844,10,0.0
2021-01-25 09:30:00-05:00,elon_tweet,TSLA,buy,market,new,1,gtc,0.0,1,stock,,,
2021-01-25 09:30:00-05:00,elon_tweet,TSLA,buy,market,fill,1,gtc,0.0,1,stock,285.0,10,0.0
2021-02-11 09:30:00-05:00,elon_tweet,TSLA,buy,market,new,1,gtc,0.0,1,stock,,,
2021-02-11 09:30:00-05:00,elon_tweet,TSLA,buy,market,fill,1,gtc,0.0,1,stock,270.8133239746094,10,0.0
2021-03-01 09:30:00-05:00,elon_tweet,TSLA,buy,market,new,1,gtc,0.0,1,stock,,,
2021-03-01 09:30:00-05:00,elon_tweet,TSLA,buy,market,fill,1,gtc,0.0,1,stock,230.0366668701172,10,0.0
2021-03-08 09:30:00-05:00,elon_tweet,TSLA,buy,market,new,1,gtc,0.0,1,stock,,,
2021-03-08 09:30:00-05:00,elon_tweet,TSLA,buy,market,fill,1,gtc,0.0,1,stock,200.18333435058594,10,0.0
2021-03-24 09:30:00-04:00,elon_tweet,TSLA,buy,market,new,1,gtc,0.0,1,stock,,,
2021-03-24 09:30:00-04:00,elon_tweet,TSLA,buy,market,fill,1,gtc,0.0,1,stock,222.6366729736328,10,0.0
2021-03-26 09:30:00-04:00,elon_tweet,TSLA,buy,market,new,1,gtc,0.0,1,stock,,,
2021-03-26 09:30:00-04:00,elon_tweet,TSLA,buy,market,fill,1,gtc,0.0,1,stock,213.9566650390625,10,0.0
2021-04-08 09:30:00-04:00,elon_tweet,TSLA,buy,market,new,1,gtc,0.0,1,stock,,,
2021-04-08 09:30:00-04:00,elon_tweet,TSLA,buy,market,fill,1,gtc,0.0,1,stock,225.7933349609375,10,0.0
2021-04-14 09:30:00-04:00,elon_tweet,TSLA,buy,market,new,1,gtc,0.0,1,stock,,,
2021-04-14 09:30:00-04:00,elon_tweet,TSLA,buy,market,fill,1,gtc,0.0,1,stock,256.8999938964844,10,0.0
2021-04-26 09:30:00-04:00,elon_tweet,TSLA,buy,market,new,1,gtc,0.0,1,stock,,,
2021-04-26 09:30:00-04:00,elon_tweet,TSLA,buy,market,fill,1,gtc,0.0,1,stock,247.0,10,0.0
2021-04-29 09:30:00-04:00,elon_tweet,TSLA,buy,market,new,1,gtc,0.0,1,stock,,,
2021-04-29 09:30:00-04:00,elon_tweet,TSLA,buy,market,fill,1,gtc,0.0,1,stock,233.1699981689453,10,0.0
2021-05-20 09:30:00-04:00,elon_tweet,TSLA,buy,market,new,1,gtc,0.0,1,stock,,,
2021-05-20 09:30:00-04:00,elon_tweet,TSLA,buy,market,fill,1,gtc,0.0,1,stock,191.6666717529297,10,0.0
2021-05-21 09:30:00-04:00,elon_tweet,TSLA,buy,market,new,1,gtc,0.0,1,stock,,,
2021-05-21 09:30:00-04:00,elon_tweet,TSLA,buy,market,fill,1,gtc,0.0,1,stock,198.70333862304688,10,0.0
2021-06-09 09:30:00-04:00,elon_tweet,TSLA,buy,market,new,1,gtc,0.0,1,stock,,,
2021-06-09 09:30:00-04:00,elon_tweet,TSLA,buy,market,fill,1,gtc,0.0,1,stock,200.72332763671875,10,0.0
2021-06-11 09:30:00-04:00,elon_tweet,TSLA,buy,market,new,1,gtc,0.0,1,stock,,,
2021-06-11 09:30:00-04:00,elon_tweet,TSLA,buy,market,fill,1,gtc,0.0,1,stock,203.41000366210938,10,0.0
2021-06-15 09:30:00-04:00,elon_tweet,TSLA,buy,market,new,1,gtc,0.0,1,stock,,,
2021-06-15 09:30:00-04:00,elon_tweet,TSLA,buy,market,fill,1,gtc,0.0,1,stock,205.56333923339844,10,0.0
2021-06-16 09:30:00-04:00,elon_tweet,TSLA,buy,market,new,1,gtc,0.0,1,stock,,,
2021-06-16 09:30:00-04:00,elon_tweet,TSLA,buy,market,fill,1,gtc,0.0,1,stock,199.17999267578125,10,0.0
2021-06-17 09:30:00-04:00,elon_tweet,TSLA,buy,market,new,1,gtc,0.0,1,stock,,,
2021-06-17 09:30:00-04:00,elon_tweet,TSLA,buy,market,fill,1,gtc,0.0,1,stock,200.6300048828125,1300.9800434112549,0.0
2024-01-02 15:59:00-05:00,elon_tweet,TSLA,sell,market,new,1,day,0.0,1,stock,,,
2024-01-02 15:59:00-05:00,elon_tweet,TSLA,sell,market,fill,1,day,0.0,1,stock,250.0800018310547,2450.980043411255,0.0
